run_id,date,area,pass,total
38022056545,2026-10-10,Blocks,34,38
38022056545,2026-10-10,Clocked,81,87
38022056545,2026-10-10,ComplexBlocks,2,2
38022056545,2026-10-10,Electrical,222,248
38022056545,2026-10-10,Fluid,23,38
38022056545,2026-10-10,Magnetic,70,78
38022056545,2026-10-10,Math,4,4
38022056545,2026-10-10,Mechanics,89,104
38022056545,2026-10-10,Media,20,27
38022056545,2026-10-10,StateGraph,11,15
38022056545,2026-10-10,Thermal,19,20
38022056545,2026-10-10,Utilities,3,3
38022056545,2026-10-10,TOTAL,578,664
